sample	cell	fraction
s1	Dendritic_cells	0.19891828623654706
s2	Dendritic_cells	0.2745200482611015
s3	Dendritic_cells	0.3278806366962176
s4	Dendritic_cells	0.1477480224871786
s5	Dendritic_cells	0.21611114177071322
s6	Dendritic_cells	0.21611114177071322
s1	Macrophage	0.2955580447283813
s2	Macrophage	0.19876389504017503
s3	Macrophage	0.2518979086544951
s4	Macrophage	0.06719254524802648
s5	Macrophage	0.08521802549851673
s6	Macrophage	0.08521802549851673

