gene	sample	expression
TNFSF18	s1	317.722091092
TNFSF18	s2	293.341077233
TNFSF18	s3	217.29984394
TNFSF18	s4	324.780988219
TNFSF18	s5	249.629991679
TNFSF18	s6	249.629991679
TNFRSF18	s1	151.4555084963
TNFRSF18	s2	530.8308537681
TNFRSF18	s3	837.1582820868
TNFRSF18	s4	692.7267212697
TNFRSF18	s5	2510.6753784012
TNFRSF18	s6	2510.6753784012

